state,subject_1,subject_2,n1,n2,jsd,p_value,effect_z,q_value
High Instantaneous SCL (Z > 0.5),S10,S11,72500,53440,0.3513086425483548,0.0,43767.85424204092,0.0
High Instantaneous SCL (Z > 0.5),S11,S13,53440,66400,0.3513086425483548,0.0,41690.2008318048,0.0
High Instantaneous LF (Z > 0.5),S10,S11,51497,57115,0.20709790489605556,0.0,13338.59213211895,0.0
High Instantaneous LF (Z > 0.5),S10,S13,51497,58738,0.07744182426114395,0.0,5481.819734795203,0.0
High Instantaneous LF (Z > 0.5),S11,S13,57115,58738,0.07395597446799515,0.0,4797.395810123746,0.0
High Instantaneous SCR (Z > 1.0),S11,S13,18978,21945,0.05374946138114628,0.0,1268.002231125079,0.0
High Instantaneous SCR (Z > 1.0),S10,S13,9340,21945,0.07311161171895948,0.0,1099.4399601784578,0.0
High Instantaneous SCR (Z > 1.0),S10,S11,9340,18978,0.05076091444764143,0.0,747.3389590693913,0.0
High Instantaneous SCL (Z > 0.5),S10,S13,72500,66400,0.0,1.0,0.0,1.0
